2020-03-27 17:46:20.881165,市場下調匯豐(00005.HK)目標價至65.5元,2
2020-03-27 17:46:53.518967,市場下調匯豐(00005.HK)目標價至65.5元,0
2020-03-30 15:20:15.799876,tester,0
2020-03-30 15:22:51.387160,tester,0
2020-03-30 15:26:40.345518,英鎊,0
2020-03-30 15:28:26.623693,英鎊,0
2020-03-30 15:31:19.153633,英鎊,0
2020-03-30 15:31:51.944817,英鎊,0
2020-03-30 15:32:39.126300,英鎊,0
2020-03-30 17:13:01.012812,tester,0
2020-03-30 17:16:08.617567,tester,0
2020-03-31 10:46:54.069927,海外美元仍短缺 新興市場未脫險,14
2020-03-31 11:03:00.668614,美團去年扭虧 惟預告今季經營虧損,8
2020-03-31 11:06:27.010578,贛鋒鋰業（01772）全年少賺81%至3.61億人幣,9
2020-03-31 16:00:34.359621,熊二反彈有限 大市不抱樂觀,4
2020-03-31 18:14:21.818820,市場下調匯豐(00005.HK)目標價至65.7元,1
