2020-03-27 17:45:56.654731,市場下調匯豐(00005.HK)目標價至65.5元,0
2020-03-27 17:53:22.749995,連敬涵：長江生命科技（00775）有力再上,3
2020-03-30 15:07:39.335566,tester,0
2020-03-30 15:07:40.678136,tester,0
2020-03-30 15:07:47.399034,tester,63
2020-03-30 15:20:24.753689,tester,0
2020-03-30 15:22:56.955966,tester,0
2020-03-30 17:05:44.063590,tester,0
2020-03-30 17:06:26.137488,tester,0
2020-03-30 17:07:53.386656,tester,64
2020-03-30 17:13:17.263981,tester,0
2020-04-06 10:27:11.097070,葉浩然：佳兆業美好（02168）,4
2020-04-16 14:33:13.954174,【ATMX追蹤】科網股保持強勢 騰訊有望挑戰3月高位（附騰訊首季業績預測數據）,10
2020-09-23 16:42:17.805024,中信建投10元裂口區有支持,21
